route_id,pool,step_idx,pano_id,lat,lon,degree,decision_zone_segment_count,legal_departure_segment_count,provisional_maneuver,turn_angle_deg,heading_from_api,decision_pano,decision_maneuver,route_distance_m,review_status,review_notes
main_01,main,0,G74dx4gKpm2n8_N2yjOgQg,48.876120362051466,2.287108831750192,2,4,4,forward,,106.05983,s-tWQI70JSimlQwafuJYTw,left,37.0347586320359,PENDING,
main_01,main,1,9so3SkE3YTwaSl9OV9WfZQ,48.87617254185447,2.287149798346244,2,4,4,forward,,115.472595,s-tWQI70JSimlQwafuJYTw,left,37.0347586320359,PENDING,
main_01,main,2,GfGLulOtKKBL_VWrZzGQcg,48.87621847237881,2.287185893243143,2,4,4,forward,,19.43498,s-tWQI70JSimlQwafuJYTw,left,37.0347586320359,PENDING,
main_01,main,3,s-tWQI70JSimlQwafuJYTw,48.87623437123199,2.287198387493419,4,4,4,left,-91.44353646055617,22.420963,s-tWQI70JSimlQwafuJYTw,left,37.0347586320359,PENDING,
main_01,main,4,eaJVZ9DFeBppKs-MnDhjEQ,48.87630236391267,2.287099130333383,4,4,4,forward,,115.43565,s-tWQI70JSimlQwafuJYTw,left,37.0347586320359,PENDING,
main_01,main,5,fo6lEYokvqUMv8DXMvEGbw,48.87631125225443,2.287071284133113,2,4,4,forward,,115.087425,s-tWQI70JSimlQwafuJYTw,left,37.0347586320359,PENDING,
main_01,main,6,Y1vuG9eKIHQ-ssGi4rRD4A,48.87633890457012,2.286984645680287,2,4,4,forward,,115.77847,s-tWQI70JSimlQwafuJYTw,left,37.0347586320359,PENDING,
main_01,main,7,RtdVpXPCzkCZ9FeROuGrjg,48.876350598528894,2.286948004609462,2,4,4,stop,,115.25775,s-tWQI70JSimlQwafuJYTw,left,37.0347586320359,PENDING,
main_02,main,0,tv58N7KlxXRMT0UCAuZo9Q,48.87076093176424,2.301439710155867,2,3,2,forward,,304.00162,NsK2Gax4YNWuf_bfPSwS5w,left,53.14845181679369,PENDING,
main_02,main,1,JMIs1c9ykOODxLe-P7334g,48.87070610835601,2.301564685885817,2,3,2,forward,,302.36935,NsK2Gax4YNWuf_bfPSwS5w,left,53.14845181679369,PENDING,
main_02,main,2,Rk9tTPnYXbK3yM9SQB3v-g,48.8706262841262,2.301746653620214,2,3,2,forward,,305.065,NsK2Gax4YNWuf_bfPSwS5w,left,53.14845181679369,PENDING,
main_02,main,3,NsK2Gax4YNWuf_bfPSwS5w,48.87060613227222,2.301792591892601,3,3,2,left,-93.98677188921886,315.8986,NsK2Gax4YNWuf_bfPSwS5w,left,53.14845181679369,PENDING,
main_02,main,4,k-M-i4nI4yxyPsEgk01sjA,48.870599232094584,2.30190717886673,3,3,2,forward,,32.71534,NsK2Gax4YNWuf_bfPSwS5w,left,53.14845181679369,PENDING,
main_02,main,5,CxSS6yccK2TQzZRCBcPi2g,48.87062856628014,2.301932630175153,2,3,2,forward,,35.281616,NsK2Gax4YNWuf_bfPSwS5w,left,53.14845181679369,PENDING,
main_02,main,6,WtNRuF-5DYTsVipzzOSalw,48.87067636580474,2.30197410262174,2,3,2,forward,,31.334166,NsK2Gax4YNWuf_bfPSwS5w,left,53.14845181679369,PENDING,
main_02,main,7,tijh3FLjgApEOKHb0ruPiQ,48.87070631456752,2.302000087157666,2,3,2,stop,,30.145859,NsK2Gax4YNWuf_bfPSwS5w,left,53.14845181679369,PENDING,
main_03,main,0,uJqWESwRAW0B56iNLrmt6Q,48.87048266720499,2.287245297550224,2,3,3,forward,,54.48655,qxTdXHFI9twUe3Dy0bx9jA,left,86.2637431486036,PENDING,
main_03,main,1,yObsZtN-5fteyPmAWYW7TQ,48.87051400618368,2.28731948716234,2,3,3,forward,,57.619,qxTdXHFI9twUe3Dy0bx9jA,left,86.2637431486036,PENDING,
main_03,main,2,1gAAqYoZDnC1rGhFh5pt6Q,48.870579065202286,2.287473503137206,2,3,3,forward,,56.222424,qxTdXHFI9twUe3Dy0bx9jA,left,86.2637431486036,PENDING,
main_03,main,3,qxTdXHFI9twUe3Dy0bx9jA,48.87065816130377,2.287660749478138,3,3,3,left,-89.98607579887994,26.39868,qxTdXHFI9twUe3Dy0bx9jA,left,86.2637431486036,PENDING,
main_03,main,4,cMDG1a1heD-VRW30JoofEw,48.870825608314384,2.287542720265404,3,3,3,forward,,327.43652,qxTdXHFI9twUe3Dy0bx9jA,left,86.2637431486036,PENDING,
main_03,main,5,2_yyvlJe9paF57ld3jbtgw,48.870900266002664,2.28746986669127,2,3,3,forward,,326.65198,qxTdXHFI9twUe3Dy0bx9jA,left,86.2637431486036,PENDING,
main_03,main,6,mZu8Sktzofy2iiw2yq-mqA,48.870975298852365,2.287396647021537,2,3,3,forward,,326.9443,qxTdXHFI9twUe3Dy0bx9jA,left,86.2637431486036,PENDING,
main_03,main,7,7jKoHOxJ_AVqB4P1jOXnMQ,48.87104984350059,2.28732390375583,2,3,3,stop,,324.64987,qxTdXHFI9twUe3Dy0bx9jA,left,86.2637431486036,PENDING,
main_04,main,0,evOH6c-BlWS5RmrV529cpg,48.87496391078073,2.300814412811488,2,3,3,forward,,99.18198,4V6Fk2FbJ8tPwzKfcIBo-w,left,38.794783398658915,PENDING,
main_04,main,1,BgqMWbsKiUbPDtCejAPoPA,48.87496353320062,2.300818076556467,2,3,3,forward,,279.4476,4V6Fk2FbJ8tPwzKfcIBo-w,left,38.794783398658915,PENDING,
main_04,main,2,IPKWezELpgAnzVzKuTm2Aw,48.874950388301336,2.300945380894158,2,3,3,forward,,279.2568,4V6Fk2FbJ8tPwzKfcIBo-w,left,38.794783398658915,PENDING,
main_04,main,3,4V6Fk2FbJ8tPwzKfcIBo-w,48.87495021459464,2.300946930659999,2,3,3,left,-90.73202649283525,99.48197,4V6Fk2FbJ8tPwzKfcIBo-w,left,38.794783398658915,PENDING,
main_04,main,4,eURnYXptmMLSe8XhL_yt7Q,48.87494984178202,2.301047745145296,3,3,3,forward,,278.83087,4V6Fk2FbJ8tPwzKfcIBo-w,left,38.794783398658915,PENDING,
main_04,main,5,AK0j8b1jSQ7IL3PQmi_b6g,48.87495817235299,2.301049737529045,2,3,3,forward,,60.77088,4V6Fk2FbJ8tPwzKfcIBo-w,left,38.794783398658915,PENDING,
main_04,main,6,XnA9YO_QJS8TXRQ2es8wcQ,48.87506207276343,2.301074598718618,2,3,3,forward,,5.541916,4V6Fk2FbJ8tPwzKfcIBo-w,left,38.794783398658915,PENDING,
main_04,main,7,68k4QgUp87VFyB2DkFuFMA,48.87514183366736,2.301093690317507,2,3,3,stop,,8.947054,4V6Fk2FbJ8tPwzKfcIBo-w,left,38.794783398658915,PENDING,
main_05,main,0,82YUjIa4CdiDfDqKvdPTWQ,48.87114346139432,2.299713244029657,2,4,3,forward,,210.56108,CLXUxg87G7wY9W3CSGgx-Q,right,50.22497370426801,PENDING,
main_05,main,1,XDqKCupUSzE9Ny5kTDsIOQ,48.87128419456813,2.299861122863765,2,4,3,forward,,212.0771,CLXUxg87G7wY9W3CSGgx-Q,right,50.22497370426801,PENDING,
main_05,main,2,ppCfSd5Qzc550iKDl-hpGg,48.87130520470102,2.299883199776195,2,4,3,forward,,210.67056,CLXUxg87G7wY9W3CSGgx-Q,right,50.22497370426801,PENDING,
main_05,main,3,CLXUxg87G7wY9W3CSGgx-Q,48.87131436566587,2.299892825884693,4,4,3,right,89.17084612858707,212.71097,CLXUxg87G7wY9W3CSGgx-Q,right,50.22497370426801,PENDING,
main_05,main,4,keX_qAdMBCplEA4MqqFwQQ,48.87137339436535,2.300033427573282,3,4,3,forward,,297.50497,CLXUxg87G7wY9W3CSGgx-Q,right,50.22497370426801,PENDING,
main_05,main,5,pgSI01q6z9qEY11fLfZ-jA,48.871351008148,2.300084227073723,2,4,3,forward,,298.6441,CLXUxg87G7wY9W3CSGgx-Q,right,50.22497370426801,PENDING,
main_05,main,6,JZM4rCZ1Hjtfmdw37j5LDQ,48.871317634402125,2.300159999449396,2,4,3,forward,,303.11053,CLXUxg87G7wY9W3CSGgx-Q,right,50.22497370426801,PENDING,
main_05,main,7,JwL5EcW_T-p24LMYNdOMbg,48.87129870697045,2.300202972643618,2,4,3,stop,,301.7082,CLXUxg87G7wY9W3CSGgx-Q,right,50.22497370426801,PENDING,
main_06,main,0,oSa1tj_9Mt2_IXZ4K9fCeg,48.87792604512494,2.297429432094671,1,3,3,forward,,277.13132,uyE0Z2Ph9ad4xz0EENt8XQ,right,46.66376415780402,PENDING,
main_06,main,1,xt9pCqCZvulRwxZtecg1-g,48.87789935327478,2.297547311792752,2,3,3,forward,,284.88995,uyE0Z2Ph9ad4xz0EENt8XQ,right,46.66376415780402,PENDING,
main_06,main,2,G970Bulz6Nmd8_SOvRE0jg,48.877867205585275,2.297692211386175,2,3,3,forward,,283.09937,uyE0Z2Ph9ad4xz0EENt8XQ,right,46.66376415780402,PENDING,
main_06,main,3,uyE0Z2Ph9ad4xz0EENt8XQ,48.877863201357805,2.297710601171518,3,3,3,right,68.06633806988373,288.90182,uyE0Z2Ph9ad4xz0EENt8XQ,right,46.66376415780402,PENDING,
main_06,main,4,Q5Bl2t-iHmndJ6I1Dh13gw,48.877816207941194,2.297780321158359,3,3,3,forward,,182.84898,uyE0Z2Ph9ad4xz0EENt8XQ,right,46.66376415780402,PENDING,
main_06,main,5,5M5peQFcX-RBZ1rw4UAKOw,48.87776533449795,2.297785208016207,2,3,3,forward,,182.7836,uyE0Z2Ph9ad4xz0EENt8XQ,right,46.66376415780402,PENDING,
main_06,main,6,bcoRBEULux2QiCCQWUKR_g,48.87771482480429,2.297790059932593,2,3,3,forward,,187.81589,uyE0Z2Ph9ad4xz0EENt8XQ,right,46.66376415780402,PENDING,
main_06,main,7,RxGJGPbbHr7j8PZJKy8x-w,48.87765779358957,2.297794661529726,2,3,3,stop,,194.59149,uyE0Z2Ph9ad4xz0EENt8XQ,right,46.66376415780402,PENDING,
main_07,main,0,4cEWwtY28EH0AP-4SPqfcw,48.873468252496146,2.301064903832492,2,3,2,forward,,307.92017,UZB-H4ANZiiouQmBHSdxLA,right,49.783097655216196,PENDING,
main_07,main,1,rEb3KGbzmc9gx4pyfV57Mg,48.873411908122605,2.301177752245627,2,3,2,forward,,306.44165,UZB-H4ANZiiouQmBHSdxLA,right,49.783097655216196,PENDING,
main_07,main,2,T8bmMxWUBrn0UMcMfPdinQ,48.873358877261175,2.301289351795055,2,3,2,forward,,298.32535,UZB-H4ANZiiouQmBHSdxLA,right,49.783097655216196,PENDING,
main_07,main,3,UZB-H4ANZiiouQmBHSdxLA,48.87332665967649,2.301425950296661,3,3,2,right,73.4300327695712,298.92743,UZB-H4ANZiiouQmBHSdxLA,right,49.783097655216196,PENDING,
main_07,main,4,qDBMPA6aEq23MwWs6XRI-Q,48.87331022689405,2.301476053868533,3,3,2,forward,,324.2937,UZB-H4ANZiiouQmBHSdxLA,right,49.783097655216196,PENDING,
main_07,main,5,qcphJB4uJ2kya3xSkB6ddA,48.873254872982535,2.301471411282406,2,3,2,forward,,5.148672,UZB-H4ANZiiouQmBHSdxLA,right,49.783097655216196,PENDING,
main_07,main,6,72GDZg4vAgJUNA5estz0NA,48.87324579822998,2.301470650174128,2,3,2,forward,,18.232498,UZB-H4ANZiiouQmBHSdxLA,right,49.783097655216196,PENDING,
main_07,main,7,oASrPuohwOcf8OD2K6nFHg,48.87318566696336,2.301425132739531,2,3,2,stop,,45.535095,UZB-H4ANZiiouQmBHSdxLA,right,49.783097655216196,PENDING,
main_08,main,0,FYvXPMFFfK2RUDPqz_-X_Q,48.876581315706645,2.301632095384867,2,4,4,forward,,283.4284,lwSAzBH-zhFymmSTdH5y6Q,right,43.8941024407734,PENDING,
main_08,main,1,0wsR_PN0zb2x80OrreQV7w,48.87656981510936,2.301660111644758,2,4,4,forward,,240.11807,lwSAzBH-zhFymmSTdH5y6Q,right,43.8941024407734,PENDING,
main_08,main,2,prSJQSJZyI1XLnYMuxZMRg,48.876562473896946,2.301677995351977,2,4,4,forward,,303.5212,lwSAzBH-zhFymmSTdH5y6Q,right,43.8941024407734,PENDING,
main_08,main,3,lwSAzBH-zhFymmSTdH5y6Q,48.876560369298566,2.301683122300925,4,4,4,right,116.2524497233062,239.24557,lwSAzBH-zhFymmSTdH5y6Q,right,43.8941024407734,PENDING,
main_08,main,4,6bAk1s_0y5RDGnOM_PACOQ,48.876552204837076,2.301697120945726,4,4,4,forward,,116.11317,lwSAzBH-zhFymmSTdH5y6Q,right,43.8941024407734,PENDING,
main_08,main,5,ZHcGiqzMhWp6OOZj877ODQ,48.87647384829584,2.301504795448977,2,4,4,forward,,238.02249,lwSAzBH-zhFymmSTdH5y6Q,right,43.8941024407734,PENDING,
main_08,main,6,XhjgF_zotv899loTALAOYQ,48.87642744784005,2.301394559402989,2,4,4,forward,,55.704197,lwSAzBH-zhFymmSTdH5y6Q,right,43.8941024407734,PENDING,
main_08,main,7,nSPFuY5MreD8Fz17S5GCgQ,48.876369222789016,2.301256231033238,3,4,4,stop,,58.223213,lwSAzBH-zhFymmSTdH5y6Q,right,43.8941024407734,PENDING,
main_09,main,0,Y3skaItSIATDRkoys9gMAg,48.87478442380256,2.304448294251387,2,4,4,forward,,242.32605,rF2yfWR324P2StCMgf0XyA,forward,45.28826384027489,PENDING,
main_09,main,1,6GLdgmrGgrSBT2Xn1aFbqg,48.87479384820903,2.304527929135883,2,4,4,forward,,79.1576,rF2yfWR324P2StCMgf0XyA,forward,45.28826384027489,PENDING,
main_09,main,2,HCDt385u6Av-h222m24_qw,48.87480048098901,2.304583975176439,2,4,4,forward,,84.51125,rF2yfWR324P2StCMgf0XyA,forward,45.28826384027489,PENDING,
main_09,main,3,rF2yfWR324P2StCMgf0XyA,48.87480465770963,2.304619267867327,4,4,4,forward,-4.521036967533519,83.19014,rF2yfWR324P2StCMgf0XyA,forward,45.28826384027489,PENDING,
main_09,main,4,Qpkl9G_FRsQESfY3Bfps2A,48.87481749767007,2.30469767671904,4,4,4,forward,,261.76285,rF2yfWR324P2StCMgf0XyA,forward,45.28826384027489,PENDING,
main_09,main,5,yWPFgTy8Ho29X5CHkk3fyg,48.87484772185681,2.304872576335626,2,4,4,forward,,263.8903,rF2yfWR324P2StCMgf0XyA,forward,45.28826384027489,PENDING,
main_09,main,6,eDytUZq5RtMwxzv_lGvSiQ,48.87487647303237,2.305038936725214,2,4,4,forward,,295.09473,rF2yfWR324P2StCMgf0XyA,forward,45.28826384027489,PENDING,
main_09,main,7,3qSxdlHCzBQbaHOrllC1iw,48.874878465581304,2.305050432199827,2,4,4,stop,,284.99634,rF2yfWR324P2StCMgf0XyA,forward,45.28826384027489,PENDING,
main_10,main,0,AV6srYzJdUcg4xK_sP3VbA,48.87560489003383,2.289291658239342,2,3,3,forward,,115.55803,YYIWmD6jLwuLVb7nAUzM8Q,forward,40.26406228166448,PENDING,
main_10,main,1,6sk2Vy0GIBet4xoUTsA2Hg,48.87564410687484,2.289166754038984,2,3,3,forward,,119.77634,YYIWmD6jLwuLVb7nAUzM8Q,forward,40.26406228166448,PENDING,
main_10,main,2,fdPq8t-AlXJm3u4q-4nDGg,48.87566647779856,2.289094214002289,2,3,3,forward,,114.742836,YYIWmD6jLwuLVb7nAUzM8Q,forward,40.26406228166448,PENDING,
main_10,main,3,YYIWmD6jLwuLVb7nAUzM8Q,48.8756977333586,2.288992864612344,3,3,3,forward,0.7790218435500265,126.77679,YYIWmD6jLwuLVb7nAUzM8Q,forward,40.26406228166448,PENDING,
main_10,main,4,xnyHaNWekmvKF_HNBmVhRw,48.87571449570638,2.288940379122311,3,3,3,forward,,119.25209,YYIWmD6jLwuLVb7nAUzM8Q,forward,40.26406228166448,PENDING,
main_10,main,5,ppXZT5u-FsVJFJlS5ltkyg,48.87571572481146,2.288936530635973,2,3,3,forward,,180.57562,YYIWmD6jLwuLVb7nAUzM8Q,forward,40.26406228166448,PENDING,
main_10,main,6,hPi1988dDZ-83lx9cnunPQ,48.875758308041725,2.288803197055188,2,3,3,forward,,99.18138,YYIWmD6jLwuLVb7nAUzM8Q,forward,40.26406228166448,PENDING,
main_10,main,7,0x9x0ja8nhnzkah1aoZmpQ,48.87576096647953,2.288794873143883,2,3,3,stop,,115.25857,YYIWmD6jLwuLVb7nAUzM8Q,forward,40.26406228166448,PENDING,
main_11,main,0,IreLLlQlQrXQhlsQQrVRBQ,48.87456482246258,2.302566664603345,2,3,2,forward,,79.913864,h4E7tOcNvRtq_7zWINQUHA,forward,52.09106470411349,PENDING,
main_11,main,1,001JncKmL2N_8lGpM-cGbw,48.87457469899896,2.302663407062156,2,3,2,forward,,80.33863,h4E7tOcNvRtq_7zWINQUHA,forward,52.09106470411349,PENDING,
main_11,main,2,eAq-vk9kMxaDpcAK9UM6Fg,48.87459631587568,2.302855390908134,2,3,2,forward,,80.699425,h4E7tOcNvRtq_7zWINQUHA,forward,52.09106470411349,PENDING,
main_11,main,3,h4E7tOcNvRtq_7zWINQUHA,48.874607112582005,2.302939415016451,3,3,2,forward,1.5686828397351746,80.156395,h4E7tOcNvRtq_7zWINQUHA,forward,52.09106470411349,PENDING,
main_11,main,4,yhjIFDib63JvmfbYv-wMOw,48.874631681647514,2.303139289873078,3,3,2,forward,,80.70438,h4E7tOcNvRtq_7zWINQUHA,forward,52.09106470411349,PENDING,
main_11,main,5,ALW_fdALiwSzbEfRke_KMg,48.874634878404855,2.303168378849877,2,3,2,forward,,97.05964,h4E7tOcNvRtq_7zWINQUHA,forward,52.09106470411349,PENDING,
main_11,main,6,nkkMZf2EIx2Z7ho5p19LJQ,48.8746443761231,2.303254803584663,2,3,2,forward,,85.29613,h4E7tOcNvRtq_7zWINQUHA,forward,52.09106470411349,PENDING,
main_11,main,7,iHLJMcxbQm2w_KkZPWFawg,48.874645842493194,2.303268146857468,2,3,2,stop,,80.22616,h4E7tOcNvRtq_7zWINQUHA,forward,52.09106470411349,PENDING,
main_12,main,0,Nihf6zvYsRQvnonM93TmgA,48.877250276909066,2.300030591393236,2,3,3,forward,,293.84772,v7BqGg7PqPES1XY99pxMLw,forward,48.051871545734315,PENDING,
main_12,main,1,YiBMnw8L5NPuFUCqHaeYVg,48.87723730099324,2.30007037306362,2,3,3,forward,,297.30167,v7BqGg7PqPES1XY99pxMLw,forward,48.051871545734315,PENDING,
main_12,main,2,xtTNNexSaNCyRwg0kPrUrA,48.877187742374616,2.300212471770152,2,3,3,forward,,300.4654,v7BqGg7PqPES1XY99pxMLw,forward,48.051871545734315,PENDING,
main_12,main,3,v7BqGg7PqPES1XY99pxMLw,48.877166939579546,2.30026918351717,3,3,3,forward,4.469718274454522,301.28528,v7BqGg7PqPES1XY99pxMLw,forward,48.051871545734315,PENDING,
main_12,main,4,Zcy9pPR8zmuTsel_fmUg-w,48.87711712316759,2.300391764167597,3,3,3,forward,,306.4958,v7BqGg7PqPES1XY99pxMLw,forward,48.051871545734315,PENDING,
main_12,main,5,NLM-3smcP3nWmNDCO7zACg,48.87710835781281,2.300411808764936,2,3,3,forward,,304.37698,v7BqGg7PqPES1XY99pxMLw,forward,48.051871545734315,PENDING,
main_12,main,6,QmZRh35doeaPdsKrjYq2xg,48.87707999974528,2.300476664269796,2,3,3,forward,,305.89645,v7BqGg7PqPES1XY99pxMLw,forward,48.051871545734315,PENDING,
main_12,main,7,R6N1rrzlqS48ZAq82DPv6w,48.877029200949735,2.300594436005686,2,3,3,stop,,302.14447,v7BqGg7PqPES1XY99pxMLw,forward,48.051871545734315,PENDING,
arc_control_01,arc_control,0,IitaSHowM5zweTlyj-8UbA,48.87325054230853,2.297165950272693,2,5,2,forward,,331.13702,mtTyLJmH81urjPeTJoalyg,left,40.6437880870963,PENDING,
arc_control_01,arc_control,1,j0P3_lmzoQhLrGGAKik3Bg,48.87317953114382,2.297118245408617,2,5,2,forward,,25.366796,mtTyLJmH81urjPeTJoalyg,left,40.6437880870963,PENDING,
arc_control_01,arc_control,2,nuCO6c-ghmeYFXkEHv-kKw,48.87317146251279,2.297112632814861,2,5,2,forward,,295.4831,mtTyLJmH81urjPeTJoalyg,left,40.6437880870963,PENDING,
arc_control_01,arc_control,3,mtTyLJmH81urjPeTJoalyg,48.87315692127562,2.297102517832938,5,5,2,left,-88.80854894028823,296.54715,mtTyLJmH81urjPeTJoalyg,left,40.6437880870963,PENDING,
arc_control_01,arc_control,4,EriIhcyGzA0uAZLbrpdbtg,48.87311509792634,2.297123020264882,5,5,2,forward,,116.88413,mtTyLJmH81urjPeTJoalyg,left,40.6437880870963,PENDING,
arc_control_01,arc_control,5,4bmZVO9J2urf4Zr_JNNYYg,48.87307767303939,2.297240846969395,2,5,2,forward,,296.38303,mtTyLJmH81urjPeTJoalyg,left,40.6437880870963,PENDING,
arc_control_01,arc_control,6,LxACcOL_asPTcmi1b_N0cg,48.87305290088342,2.297318838427451,2,5,2,forward,,114.750755,mtTyLJmH81urjPeTJoalyg,left,40.6437880870963,PENDING,
arc_control_01,arc_control,7,D1qqFQAgHG-ULk7IDKmO9Q,48.87301982979631,2.297422957839074,2,5,2,stop,,115.421814,mtTyLJmH81urjPeTJoalyg,left,40.6437880870963,PENDING,
arc_control_02,arc_control,0,C6nNyCzD_s2kxCa8RdVPbg,48.871897163874145,2.295344760221324,2,5,5,forward,,173.55779,h5AGW2FlX58MiWBCfw7p6Q,right,61.81201215973466,PENDING,
arc_control_02,arc_control,1,jfsMffpQFSmNVtwQ6xD6-g,48.872006762858526,2.295324748664257,2,5,5,forward,,173.30505,h5AGW2FlX58MiWBCfw7p6Q,right,61.81201215973466,PENDING,
arc_control_02,arc_control,2,SIkE9eviC7ATLbVrCH6ENg,48.872114070047466,2.295303403785535,2,5,5,forward,,173.07788,h5AGW2FlX58MiWBCfw7p6Q,right,61.81201215973466,PENDING,
arc_control_02,arc_control,3,h5AGW2FlX58MiWBCfw7p6Q,48.87221788813367,2.295283141918415,5,5,5,right,89.71920069084746,173.33678,h5AGW2FlX58MiWBCfw7p6Q,right,61.81201215973466,PENDING,
arc_control_02,arc_control,4,EfngzX2FJYij4dISQKTdRA,48.872278214898905,2.295274145022799,5,5,5,forward,,84.397415,h5AGW2FlX58MiWBCfw7p6Q,right,61.81201215973466,PENDING,
arc_control_02,arc_control,5,8DJqh4yCrummXEFFE5ZfVg,48.87229519854216,2.295467775963656,2,5,5,forward,,5.595683,h5AGW2FlX58MiWBCfw7p6Q,right,61.81201215973466,PENDING,
arc_control_02,arc_control,6,tRNACjqJGBi7axaMnVysPQ,48.87229680613596,2.295478030719956,2,5,5,forward,,12.917165,h5AGW2FlX58MiWBCfw7p6Q,right,61.81201215973466,PENDING,
arc_control_02,arc_control,7,oIymTLLl4kJwOVD0IyvCrg,48.87230562204572,2.295531997041873,2,5,5,stop,,53.709732,h5AGW2FlX58MiWBCfw7p6Q,right,61.81201215973466,PENDING,
arc_control_03,arc_control,0,uTZx0R4r0gms9-Yy_xbN6A,48.87500509275032,2.294839016962964,2,4,2,forward,,171.95706,ZZby23HFyMWn-HpzHj4e6Q,forward,54.8435907375286,PENDING,
arc_control_03,arc_control,1,IAoVQ5hFXSYCo49k32lO5A,48.87510645092789,2.294822117278029,2,4,2,forward,,173.59158,ZZby23HFyMWn-HpzHj4e6Q,forward,54.8435907375286,PENDING,
arc_control_03,arc_control,2,lmQZtbj4dnP44JKo1eZPsA,48.875205504987385,2.294805278735606,2,4,2,forward,,173.51004,ZZby23HFyMWn-HpzHj4e6Q,forward,54.8435907375286,PENDING,
arc_control_03,arc_control,3,ZZby23HFyMWn-HpzHj4e6Q,48.875234018459444,2.294800427672307,4,4,2,forward,-0.32937184471484215,173.8329,ZZby23HFyMWn-HpzHj4e6Q,forward,54.8435907375286,PENDING,
arc_control_03,arc_control,4,xnWDVGxLYVE8IUpoYQ2rlQ,48.8753415539962,2.294780988965125,4,4,2,forward,,174.12752,ZZby23HFyMWn-HpzHj4e6Q,forward,54.8435907375286,PENDING,
arc_control_03,arc_control,5,ccxVewfWQd70V2D4gF-WsA,48.8753792479751,2.29477424217417,2,4,2,forward,,173.35223,ZZby23HFyMWn-HpzHj4e6Q,forward,54.8435907375286,PENDING,
arc_control_03,arc_control,6,uy_V61Ll_WrBtuaF1XiUQA,48.875436876543695,2.294763930059661,2,4,2,forward,,172.74123,ZZby23HFyMWn-HpzHj4e6Q,forward,54.8435907375286,PENDING,
arc_control_03,arc_control,7,Lfnbmm4hJxPYWdSLZ-WUkg,48.87549509314058,2.294753512722775,2,4,2,stop,,173.34843,ZZby23HFyMWn-HpzHj4e6Q,forward,54.8435907375286,PENDING,
